areaCode,areaName,areaType,date,cumCasesBySpecimenDate,cumDeaths28DaysByDeathDate
E06000014,York,ltla,2021-10-31,25553,347
E06000014,York,ltla,2021-10-30,25514,347
E06000014,York,ltla,2021-10-29,25439,347
E06000014,York,ltla,2021-10-28,25289,347
E06000014,York,ltla,2021-10-27,25126,347
E06000014,York,ltla,2021-10-26,25009,347
E06000014,York,ltla,2021-10-25,24863,347
E06000014,York,ltla,2021-10-24,24714,346
E06000014,York,ltla,2021-10-23,24598,346
E06000014,York,ltla,2021-10-22,24483,346
E06000014,York,ltla,2021-10-21,24352,346
E06000014,York,ltla,2021-10-20,24229,346
E06000014,York,ltla,2021-10-19,24065,346
E06000014,York,ltla,2021-10-18,23913,346
E06000014,York,ltla,2021-10-17,23771,346
E06000014,York,ltla,2021-10-16,23670,345
E06000014,York,ltla,2021-10-15,23588,345
E06000014,York,ltla,2021-10-14,23481,345
E06000014,York,ltla,2021-10-13,23373,343
E06000014,York,ltla,2021-10-12,23266,342
E06000014,York,ltla,2021-10-11,23166,342
E06000014,York,ltla,2021-10-10,23057,342
E06000014,York,ltla,2021-10-09,22978,342
E06000014,York,ltla,2021-10-08,22906,342
E06000014,York,ltla,2021-10-07,22819,342
E06000014,York,ltla,2021-10-06,22730,342
E06000014,York,ltla,2021-10-05,22647,342
E06000014,York,ltla,2021-10-04,22580,342
E06000014,York,ltla,2021-10-03,22488,342
E06000014,York,ltla,2021-10-02,22422,341
E06000014,York,ltla,2021-10-01,22376,341
E06000014,York,ltla,2021-09-30,22315,341
E06000014,York,ltla,2021-09-29,22245,341
E06000014,York,ltla,2021-09-28,22165,340
E06000014,York,ltla,2021-09-27,22090,339
E06000014,York,ltla,2021-09-26,21997,339
E06000014,York,ltla,2021-09-25,21928,339
E06000014,York,ltla,2021-09-24,21872,339
E06000014,York,ltla,2021-09-23,21809,339
E06000014,York,ltla,2021-09-22,21748,339
E06000014,York,ltla,2021-09-21,21660,338
E06000014,York,ltla,2021-09-20,21578,337
E06000014,York,ltla,2021-09-19,21491,337
E06000014,York,ltla,2021-09-18,21428,336
E06000014,York,ltla,2021-09-17,21372,336
E06000014,York,ltla,2021-09-16,21331,335
E06000014,York,ltla,2021-09-15,21263,335
E06000014,York,ltla,2021-09-14,21205,335
E06000014,York,ltla,2021-09-13,21162,335
E06000014,York,ltla,2021-09-12,21113,335
E06000014,York,ltla,2021-09-11,21069,335
E06000014,York,ltla,2021-09-10,21023,335
E06000014,York,ltla,2021-09-09,20964,335
E06000014,York,ltla,2021-09-08,20895,335
E06000014,York,ltla,2021-09-07,20846,335
E06000014,York,ltla,2021-09-06,20774,334
E06000014,York,ltla,2021-09-05,20681,334
E06000014,York,ltla,2021-09-04,20635,334
E06000014,York,ltla,2021-09-03,20568,334
E06000014,York,ltla,2021-09-02,20498,334
E06000014,York,ltla,2021-09-01,20425,334
E06000014,York,ltla,2021-08-31,20332,333
E06000014,York,ltla,2021-08-30,20227,331
E06000014,York,ltla,2021-08-29,20138,331
E06000014,York,ltla,2021-08-28,20066,331
E06000014,York,ltla,2021-08-27,20001,331
E06000014,York,ltla,2021-08-26,19935,329
E06000014,York,ltla,2021-08-25,19845,329
E06000014,York,ltla,2021-08-24,19761,329
E06000014,York,ltla,2021-08-23,19679,329
E06000014,York,ltla,2021-08-22,19580,328
E06000014,York,ltla,2021-08-21,19493,328
E06000014,York,ltla,2021-08-20,19438,327
E06000014,York,ltla,2021-08-19,19359,327
E06000014,York,ltla,2021-08-18,19252,327
E06000014,York,ltla,2021-08-17,19118,326
E06000014,York,ltla,2021-08-16,19027,325
E06000014,York,ltla,2021-08-15,18916,325
E06000014,York,ltla,2021-08-14,18839,325
E06000014,York,ltla,2021-08-13,18756,325
E06000014,York,ltla,2021-08-12,18654,325
E06000014,York,ltla,2021-08-11,18529,325
E06000014,York,ltla,2021-08-10,18451,322
E06000014,York,ltla,2021-08-09,18354,322
E06000014,York,ltla,2021-08-08,18235,321
E06000014,York,ltla,2021-08-07,18163,321
E06000014,York,ltla,2021-08-06,18076,320
E06000014,York,ltla,2021-08-05,17973,319
E06000014,York,ltla,2021-08-04,17874,319
E06000014,York,ltla,2021-08-03,17753,319
E06000014,York,ltla,2021-08-02,17623,319
E06000014,York,ltla,2021-08-01,17496,318
E06000014,York,ltla,2021-07-31,17430,318
E06000014,York,ltla,2021-07-30,17365,318
E06000014,York,ltla,2021-07-29,17296,318
E06000014,York,ltla,2021-07-28,17232,318
E06000014,York,ltla,2021-07-27,17137,318
E06000014,York,ltla,2021-07-26,17058,318
E06000014,York,ltla,2021-07-25,16944,318
E06000014,York,ltla,2021-07-24,16890,318
E06000014,York,ltla,2021-07-23,16833,318
E06000014,York,ltla,2021-07-22,16773,318
E06000014,York,ltla,2021-07-21,16707,318
E06000014,York,ltla,2021-07-20,16619,318
E06000014,York,ltla,2021-07-19,16522,318
E06000014,York,ltla,2021-07-18,16392,317
E06000014,York,ltla,2021-07-17,16299,317
E06000014,York,ltla,2021-07-16,16196,317
E06000014,York,ltla,2021-07-15,16021,317
E06000014,York,ltla,2021-07-14,15833,317
E06000014,York,ltla,2021-07-13,15681,316
E06000014,York,ltla,2021-07-12,15550,316
E06000014,York,ltla,2021-07-11,15361,316
E06000014,York,ltla,2021-07-10,15229,316
E06000014,York,ltla,2021-07-09,15128,316
E06000014,York,ltla,2021-07-08,15017,316
E06000014,York,ltla,2021-07-07,14907,316
E06000014,York,ltla,2021-07-06,14759,316
E06000014,York,ltla,2021-07-05,14604,316
E06000014,York,ltla,2021-07-04,14480,315
E06000014,York,ltla,2021-07-03,14366,315
E06000014,York,ltla,2021-07-02,14249,315
E06000014,York,ltla,2021-07-01,14144,315
E06000014,York,ltla,2021-06-30,14025,315
E06000014,York,ltla,2021-06-29,13897,315
E06000014,York,ltla,2021-06-28,13766,315
E06000014,York,ltla,2021-06-27,13608,315
E06000014,York,ltla,2021-06-26,13484,315
E06000014,York,ltla,2021-06-25,13389,315
E06000014,York,ltla,2021-06-24,13268,315
E06000014,York,ltla,2021-06-23,13169,315
E06000014,York,ltla,2021-06-22,13085,315
E06000014,York,ltla,2021-06-21,13001,315
E06000014,York,ltla,2021-06-20,12916,315
E06000014,York,ltla,2021-06-19,12858,315
E06000014,York,ltla,2021-06-18,12807,315
E06000014,York,ltla,2021-06-17,12758,315
E06000014,York,ltla,2021-06-16,12709,315
E06000014,York,ltla,2021-06-15,12674,315
E06000014,York,ltla,2021-06-14,12641,315
E06000014,York,ltla,2021-06-13,12609,315
E06000014,York,ltla,2021-06-12,12590,315
E06000014,York,ltla,2021-06-11,12567,315
E06000014,York,ltla,2021-06-10,12541,315
E06000014,York,ltla,2021-06-09,12519,315
E06000014,York,ltla,2021-06-08,12498,315
E06000014,York,ltla,2021-06-07,12475,315
E06000014,York,ltla,2021-06-06,12454,315
E06000014,York,ltla,2021-06-05,12447,315
E06000014,York,ltla,2021-06-04,12434,315
E06000014,York,ltla,2021-06-03,12424,315
E06000014,York,ltla,2021-06-02,12411,315
E06000014,York,ltla,2021-06-01,12401,315
E06000014,York,ltla,2021-05-31,12393,315
E06000014,York,ltla,2021-05-30,12389,315
E06000014,York,ltla,2021-05-29,12382,315
E06000014,York,ltla,2021-05-28,12371,315
E06000014,York,ltla,2021-05-27,12363,315
E06000014,York,ltla,2021-05-26,12351,315
E06000014,York,ltla,2021-05-25,12347,315
E06000014,York,ltla,2021-05-24,12338,315
E06000014,York,ltla,2021-05-23,12333,315
E06000014,York,ltla,2021-05-22,12330,315
E06000014,York,ltla,2021-05-21,12327,315
E06000014,York,ltla,2021-05-20,12318,315
E06000014,York,ltla,2021-05-19,12312,315
E06000014,York,ltla,2021-05-18,12308,315
E06000014,York,ltla,2021-05-17,12306,315
E06000014,York,ltla,2021-05-16,12302,315
E06000014,York,ltla,2021-05-15,12299,315
E06000014,York,ltla,2021-05-14,12295,315
E06000014,York,ltla,2021-05-13,12292,315
E06000014,York,ltla,2021-05-12,12289,315
E06000014,York,ltla,2021-05-11,12284,315
E06000014,York,ltla,2021-05-10,12277,315
E06000014,York,ltla,2021-05-09,12275,315
E06000014,York,ltla,2021-05-08,12271,315
E06000014,York,ltla,2021-05-07,12267,315
E06000014,York,ltla,2021-05-06,12258,315
E06000014,York,ltla,2021-05-05,12253,315
E06000014,York,ltla,2021-05-04,12248,315
E06000014,York,ltla,2021-05-03,12244,315
E06000014,York,ltla,2021-05-02,12240,315
E06000014,York,ltla,2021-05-01,12237,315
E06000014,York,ltla,2021-04-30,12235,315
E06000014,York,ltla,2021-04-29,12232,315
E06000014,York,ltla,2021-04-28,12225,315
E06000014,York,ltla,2021-04-27,12217,315
E06000014,York,ltla,2021-04-26,12217,315
E06000014,York,ltla,2021-04-25,12206,315
E06000014,York,ltla,2021-04-24,12201,315
E06000014,York,ltla,2021-04-23,12196,315
E06000014,York,ltla,2021-04-22,12190,315
E06000014,York,ltla,2021-04-21,12180,315
E06000014,York,ltla,2021-04-20,12177,315
E06000014,York,ltla,2021-04-19,12169,315
E06000014,York,ltla,2021-04-18,12161,315
E06000014,York,ltla,2021-04-17,12160,315
E06000014,York,ltla,2021-04-16,12154,315
E06000014,York,ltla,2021-04-15,12145,315
E06000014,York,ltla,2021-04-14,12140,314
E06000014,York,ltla,2021-04-13,12140,314
E06000014,York,ltla,2021-04-12,12133,314
E06000014,York,ltla,2021-04-11,12132,314
E06000014,York,ltla,2021-04-10,12130,314
E06000014,York,ltla,2021-04-09,12128,314
E06000014,York,ltla,2021-04-08,12125,314
E06000014,York,ltla,2021-04-07,12115,314
E06000014,York,ltla,2021-04-06,12112,314
E06000014,York,ltla,2021-04-05,12109,314
E06000014,York,ltla,2021-04-04,12109,314
E06000014,York,ltla,2021-04-03,12108,314
E06000014,York,ltla,2021-04-02,12107,314
E06000014,York,ltla,2021-04-01,12097,314
E06000014,York,ltla,2021-03-31,12096,314
E06000014,York,ltla,2021-03-30,12093,313
E06000014,York,ltla,2021-03-29,12086,313
E06000014,York,ltla,2021-03-28,12085,313
E06000014,York,ltla,2021-03-27,12080,313
E06000014,York,ltla,2021-03-26,12073,313
E06000014,York,ltla,2021-03-25,12069,313
E06000014,York,ltla,2021-03-24,12056,313
E06000014,York,ltla,2021-03-23,12049,313
E06000014,York,ltla,2021-03-22,12042,313
E06000014,York,ltla,2021-03-21,12030,312
E06000014,York,ltla,2021-03-20,12020,312
E06000014,York,ltla,2021-03-19,12014,312
E06000014,York,ltla,2021-03-18,12006,312
E06000014,York,ltla,2021-03-17,11996,312
E06000014,York,ltla,2021-03-16,11990,311
E06000014,York,ltla,2021-03-15,11977,310
E06000014,York,ltla,2021-03-14,11968,310
E06000014,York,ltla,2021-03-13,11960,309
E06000014,York,ltla,2021-03-12,11953,309
E06000014,York,ltla,2021-03-11,11945,309
E06000014,York,ltla,2021-03-10,11935,309
E06000014,York,ltla,2021-03-09,11928,309
E06000014,York,ltla,2021-03-08,11916,309
E06000014,York,ltla,2021-03-07,11897,309
E06000014,York,ltla,2021-03-06,11885,308
E06000014,York,ltla,2021-03-05,11871,307
E06000014,York,ltla,2021-03-04,11859,307
E06000014,York,ltla,2021-03-03,11845,307
E06000014,York,ltla,2021-03-02,11838,306
E06000014,York,ltla,2021-03-01,11826,306
E06000014,York,ltla,2021-02-28,11805,306
E06000014,York,ltla,2021-02-27,11796,306
E06000014,York,ltla,2021-02-26,11785,305
E06000014,York,ltla,2021-02-25,11771,305
E06000014,York,ltla,2021-02-24,11755,305
E06000014,York,ltla,2021-02-23,11737,305
E06000014,York,ltla,2021-02-22,11715,304
E06000014,York,ltla,2021-02-21,11697,303
E06000014,York,ltla,2021-02-20,11679,302
E06000014,York,ltla,2021-02-19,11655,301
E06000014,York,ltla,2021-02-18,11629,300
E06000014,York,ltla,2021-02-17,11604,298
E06000014,York,ltla,2021-02-16,11575,297
E06000014,York,ltla,2021-02-15,11560,297
E06000014,York,ltla,2021-02-14,11539,296
E06000014,York,ltla,2021-02-13,11527,292
E06000014,York,ltla,2021-02-12,11506,286
E06000014,York,ltla,2021-02-11,11488,283
E06000014,York,ltla,2021-02-10,11464,281
E06000014,York,ltla,2021-02-09,11442,279
E06000014,York,ltla,2021-02-08,11410,277
E06000014,York,ltla,2021-02-07,11376,276
E06000014,York,ltla,2021-02-06,11351,276
E06000014,York,ltla,2021-02-05,11328,273
E06000014,York,ltla,2021-02-04,11296,272
E06000014,York,ltla,2021-02-03,11257,267
E06000014,York,ltla,2021-02-02,11217,264
E06000014,York,ltla,2021-02-01,11179,261
E06000014,York,ltla,2021-01-31,11124,259
E06000014,York,ltla,2021-01-30,11072,255
E06000014,York,ltla,2021-01-29,11037,253
E06000014,York,ltla,2021-01-28,10998,251
E06000014,York,ltla,2021-01-27,10943,249
E06000014,York,ltla,2021-01-26,10880,243
E06000014,York,ltla,2021-01-25,10824,241
E06000014,York,ltla,2021-01-24,10745,233
E06000014,York,ltla,2021-01-23,10699,228
E06000014,York,ltla,2021-01-22,10650,227
E06000014,York,ltla,2021-01-21,10585,223
E06000014,York,ltla,2021-01-20,10514,222
E06000014,York,ltla,2021-01-19,10431,220
E06000014,York,ltla,2021-01-18,10332,210
E06000014,York,ltla,2021-01-17,10204,208
E06000014,York,ltla,2021-01-16,10131,201
E06000014,York,ltla,2021-01-15,10047,198
E06000014,York,ltla,2021-01-14,9941,193
E06000014,York,ltla,2021-01-13,9818,190
E06000014,York,ltla,2021-01-12,9686,186
E06000014,York,ltla,2021-01-11,9544,183
E06000014,York,ltla,2021-01-10,9346,179
E06000014,York,ltla,2021-01-09,9238,173
E06000014,York,ltla,2021-01-08,9088,173
E06000014,York,ltla,2021-01-07,8916,172
E06000014,York,ltla,2021-01-06,8736,171
E06000014,York,ltla,2021-01-05,8527,170
E06000014,York,ltla,2021-01-04,8319,169
E06000014,York,ltla,2021-01-03,8074,167
E06000014,York,ltla,2021-01-02,7853,167
E06000014,York,ltla,2021-01-01,7675,164
E06000014,York,ltla,2020-12-31,7573,164
E06000014,York,ltla,2020-12-30,7416,162
E06000014,York,ltla,2020-12-29,7223,161
E06000014,York,ltla,2020-12-28,6997,157
E06000014,York,ltla,2020-12-27,6863,156
E06000014,York,ltla,2020-12-26,6729,155
E06000014,York,ltla,2020-12-25,6624,155
E06000014,York,ltla,2020-12-24,6589,153
E06000014,York,ltla,2020-12-23,6507,152
E06000014,York,ltla,2020-12-22,6418,151
E06000014,York,ltla,2020-12-21,6315,149
E06000014,York,ltla,2020-12-20,6233,147
E06000014,York,ltla,2020-12-19,6166,146
E06000014,York,ltla,2020-12-18,6125,146
E06000014,York,ltla,2020-12-17,6082,145
E06000014,York,ltla,2020-12-16,6048,144
E06000014,York,ltla,2020-12-15,6006,143
E06000014,York,ltla,2020-12-14,5958,143
E06000014,York,ltla,2020-12-13,5932,143
E06000014,York,ltla,2020-12-12,5901,142
E06000014,York,ltla,2020-12-11,5883,141
E06000014,York,ltla,2020-12-10,5863,141
E06000014,York,ltla,2020-12-09,5849,141
E06000014,York,ltla,2020-12-08,5824,141
E06000014,York,ltla,2020-12-07,5810,141
E06000014,York,ltla,2020-12-06,5786,140
E06000014,York,ltla,2020-12-05,5766,137
E06000014,York,ltla,2020-12-04,5745,135
E06000014,York,ltla,2020-12-03,5732,134
E06000014,York,ltla,2020-12-02,5720,133
E06000014,York,ltla,2020-12-01,5702,133
E06000014,York,ltla,2020-11-30,5651,132
E06000014,York,ltla,2020-11-29,5630,128
E06000014,York,ltla,2020-11-28,5617,128
E06000014,York,ltla,2020-11-27,5599,128
E06000014,York,ltla,2020-11-26,5583,128
E06000014,York,ltla,2020-11-25,5558,127
E06000014,York,ltla,2020-11-24,5540,126
E06000014,York,ltla,2020-11-23,5514,126
E06000014,York,ltla,2020-11-22,5483,125
E06000014,York,ltla,2020-11-21,5453,124
E06000014,York,ltla,2020-11-20,5423,124
E06000014,York,ltla,2020-11-19,5377,123
E06000014,York,ltla,2020-11-18,5348,122
E06000014,York,ltla,2020-11-17,5317,121
E06000014,York,ltla,2020-11-16,5269,121
E06000014,York,ltla,2020-11-15,5217,121
E06000014,York,ltla,2020-11-14,5175,120
E06000014,York,ltla,2020-11-13,5147,120
E06000014,York,ltla,2020-11-12,5089,120
E06000014,York,ltla,2020-11-11,5048,120
E06000014,York,ltla,2020-11-10,4994,119
E06000014,York,ltla,2020-11-09,4921,118
E06000014,York,ltla,2020-11-08,4853,118
E06000014,York,ltla,2020-11-07,4815,117
E06000014,York,ltla,2020-11-06,4776,117
E06000014,York,ltla,2020-11-05,4725,117
E06000014,York,ltla,2020-11-04,4658,117
E06000014,York,ltla,2020-11-03,4603,117
E06000014,York,ltla,2020-11-02,4544,115
E06000014,York,ltla,2020-11-01,4478,115
E06000014,York,ltla,2020-10-31,4425,115
E06000014,York,ltla,2020-10-30,4381,115
E06000014,York,ltla,2020-10-29,4324,114
E06000014,York,ltla,2020-10-28,4260,114
E06000014,York,ltla,2020-10-27,4189,114
E06000014,York,ltla,2020-10-26,4125,114
E06000014,York,ltla,2020-10-25,4050,113
E06000014,York,ltla,2020-10-24,4002,113
E06000014,York,ltla,2020-10-23,3949,113
E06000014,York,ltla,2020-10-22,3879,113
E06000014,York,ltla,2020-10-21,3771,113
E06000014,York,ltla,2020-10-20,3650,113
E06000014,York,ltla,2020-10-19,3540,113
E06000014,York,ltla,2020-10-18,3411,112
E06000014,York,ltla,2020-10-17,3320,112
E06000014,York,ltla,2020-10-16,3228,112
E06000014,York,ltla,2020-10-15,3100,112
E06000014,York,ltla,2020-10-14,2961,112
E06000014,York,ltla,2020-10-13,2826,112
E06000014,York,ltla,2020-10-12,2668,112
E06000014,York,ltla,2020-10-11,2517,112
E06000014,York,ltla,2020-10-10,2419,112
E06000014,York,ltla,2020-10-09,2301,110
E06000014,York,ltla,2020-10-08,2179,110
E06000014,York,ltla,2020-10-07,2054,110
E06000014,York,ltla,2020-10-06,1915,110
E06000014,York,ltla,2020-10-05,1811,110
E06000014,York,ltla,2020-10-04,1729,110
E06000014,York,ltla,2020-10-03,1632,110
E06000014,York,ltla,2020-10-02,1575,110
E06000014,York,ltla,2020-10-01,1491,110
E06000014,York,ltla,2020-09-30,1418,110
E06000014,York,ltla,2020-09-29,1375,110
E06000014,York,ltla,2020-09-28,1343,110
E06000014,York,ltla,2020-09-27,1290,110
E06000014,York,ltla,2020-09-26,1262,110
E06000014,York,ltla,2020-09-25,1242,110
E06000014,York,ltla,2020-09-24,1224,110
E06000014,York,ltla,2020-09-23,1203,110
E06000014,York,ltla,2020-09-22,1186,110
E06000014,York,ltla,2020-09-21,1164,110
E06000014,York,ltla,2020-09-20,1149,110
E06000014,York,ltla,2020-09-19,1132,110
E06000014,York,ltla,2020-09-18,1121,110
E06000014,York,ltla,2020-09-17,1113,110
E06000014,York,ltla,2020-09-16,1098,110
E06000014,York,ltla,2020-09-15,1088,110
E06000014,York,ltla,2020-09-14,1083,110
E06000014,York,ltla,2020-09-13,1066,110
E06000014,York,ltla,2020-09-12,1061,110
E06000014,York,ltla,2020-09-11,1055,110
E06000014,York,ltla,2020-09-10,1048,110
E06000014,York,ltla,2020-09-09,1030,110
E06000014,York,ltla,2020-09-08,1023,110
E06000014,York,ltla,2020-09-07,1012,110
E06000014,York,ltla,2020-09-06,1001,110
E06000014,York,ltla,2020-09-05,1000,110
E06000014,York,ltla,2020-09-04,995,110
E06000014,York,ltla,2020-09-03,995,110
E06000014,York,ltla,2020-09-02,988,110
E06000014,York,ltla,2020-09-01,980,110
E06000014,York,ltla,2020-08-31,974,110
E06000014,York,ltla,2020-08-30,970,110
E06000014,York,ltla,2020-08-29,965,110
E06000014,York,ltla,2020-08-28,962,110
E06000014,York,ltla,2020-08-27,962,110
E06000014,York,ltla,2020-08-26,960,110
E06000014,York,ltla,2020-08-25,960,110
E06000014,York,ltla,2020-08-24,955,110
E06000014,York,ltla,2020-08-23,953,110
E06000014,York,ltla,2020-08-22,953,110
E06000014,York,ltla,2020-08-21,952,110
E06000014,York,ltla,2020-08-20,945,110
E06000014,York,ltla,2020-08-19,945,110
E06000014,York,ltla,2020-08-18,944,110
E06000014,York,ltla,2020-08-17,944,110
E06000014,York,ltla,2020-08-16,944,110
E06000014,York,ltla,2020-08-15,938,110
E06000014,York,ltla,2020-08-14,937,110
E06000014,York,ltla,2020-08-13,937,110
E06000014,York,ltla,2020-08-12,936,110
E06000014,York,ltla,2020-08-11,936,110
E06000014,York,ltla,2020-08-10,936,110
E06000014,York,ltla,2020-08-09,933,110
E06000014,York,ltla,2020-08-08,930,110
E06000014,York,ltla,2020-08-07,929,110
E06000014,York,ltla,2020-08-06,927,110
E06000014,York,ltla,2020-08-05,925,110
E06000014,York,ltla,2020-08-04,925,110
E06000014,York,ltla,2020-08-03,925,110
E06000014,York,ltla,2020-08-02,923,110
E06000014,York,ltla,2020-08-01,923,110
E06000014,York,ltla,2020-07-31,923,110
E06000014,York,ltla,2020-07-30,922,110
E06000014,York,ltla,2020-07-29,922,110
E06000014,York,ltla,2020-07-28,921,110
E06000014,York,ltla,2020-07-27,921,110
E06000014,York,ltla,2020-07-26,921,110
E06000014,York,ltla,2020-07-25,921,110
E06000014,York,ltla,2020-07-24,918,110
E06000014,York,ltla,2020-07-23,916,110
E06000014,York,ltla,2020-07-22,915,110
E06000014,York,ltla,2020-07-21,915,110
E06000014,York,ltla,2020-07-20,915,110
E06000014,York,ltla,2020-07-19,912,110
E06000014,York,ltla,2020-07-18,912,110
E06000014,York,ltla,2020-07-17,911,110
E06000014,York,ltla,2020-07-16,910,110
E06000014,York,ltla,2020-07-15,910,110
E06000014,York,ltla,2020-07-14,910,110
E06000014,York,ltla,2020-07-13,909,110
E06000014,York,ltla,2020-07-12,908,110
E06000014,York,ltla,2020-07-11,907,110
E06000014,York,ltla,2020-07-10,907,110
E06000014,York,ltla,2020-07-09,906,110
E06000014,York,ltla,2020-07-08,905,110
E06000014,York,ltla,2020-07-07,902,109
E06000014,York,ltla,2020-07-06,902,109
E06000014,York,ltla,2020-07-05,901,109
E06000014,York,ltla,2020-07-04,901,109
E06000014,York,ltla,2020-07-03,900,109
E06000014,York,ltla,2020-07-02,899,109
E06000014,York,ltla,2020-07-01,899,109
E06000014,York,ltla,2020-06-30,898,109
E06000014,York,ltla,2020-06-29,898,109
E06000014,York,ltla,2020-06-28,895,109
E06000014,York,ltla,2020-06-27,895,109
E06000014,York,ltla,2020-06-26,894,109
E06000014,York,ltla,2020-06-25,893,109
E06000014,York,ltla,2020-06-24,892,109
E06000014,York,ltla,2020-06-23,892,108
E06000014,York,ltla,2020-06-22,892,108
E06000014,York,ltla,2020-06-21,891,107
E06000014,York,ltla,2020-06-20,890,107
E06000014,York,ltla,2020-06-19,890,107
E06000014,York,ltla,2020-06-18,887,107
E06000014,York,ltla,2020-06-17,885,107
E06000014,York,ltla,2020-06-16,884,107
E06000014,York,ltla,2020-06-15,878,107
E06000014,York,ltla,2020-06-14,877,107
E06000014,York,ltla,2020-06-13,875,107
E06000014,York,ltla,2020-06-12,873,107
E06000014,York,ltla,2020-06-11,870,106
E06000014,York,ltla,2020-06-10,868,105
E06000014,York,ltla,2020-06-09,866,104
E06000014,York,ltla,2020-06-08,864,104
E06000014,York,ltla,2020-06-07,860,104
E06000014,York,ltla,2020-06-06,859,104
E06000014,York,ltla,2020-06-05,859,104
E06000014,York,ltla,2020-06-04,856,104
E06000014,York,ltla,2020-06-03,855,103
E06000014,York,ltla,2020-06-02,853,103
E06000014,York,ltla,2020-06-01,846,103
E06000014,York,ltla,2020-05-31,842,102
E06000014,York,ltla,2020-05-30,841,102
E06000014,York,ltla,2020-05-29,838,102
E06000014,York,ltla,2020-05-28,836,102
E06000014,York,ltla,2020-05-27,832,102
E06000014,York,ltla,2020-05-26,822,101
E06000014,York,ltla,2020-05-25,817,101
E06000014,York,ltla,2020-05-24,810,100
E06000014,York,ltla,2020-05-23,807,100
E06000014,York,ltla,2020-05-22,803,100
E06000014,York,ltla,2020-05-21,797,96
E06000014,York,ltla,2020-05-20,787,96
E06000014,York,ltla,2020-05-19,779,96
E06000014,York,ltla,2020-05-18,773,93
E06000014,York,ltla,2020-05-17,767,91
E06000014,York,ltla,2020-05-16,763,90
E06000014,York,ltla,2020-05-15,756,89
E06000014,York,ltla,2020-05-14,744,87
E06000014,York,ltla,2020-05-13,723,85
E06000014,York,ltla,2020-05-12,713,82
E06000014,York,ltla,2020-05-11,701,80
E06000014,York,ltla,2020-05-10,670,79
E06000014,York,ltla,2020-05-09,657,78
E06000014,York,ltla,2020-05-08,649,75
E06000014,York,ltla,2020-05-07,627,75
E06000014,York,ltla,2020-05-06,606,73
E06000014,York,ltla,2020-05-05,587,73
E06000014,York,ltla,2020-05-04,552,68
E06000014,York,ltla,2020-05-03,524,66
E06000014,York,ltla,2020-05-02,504,60
E06000014,York,ltla,2020-05-01,479,59
E06000014,York,ltla,2020-04-30,458,58
E06000014,York,ltla,2020-04-29,433,55
E06000014,York,ltla,2020-04-28,383,51
E06000014,York,ltla,2020-04-27,362,50
E06000014,York,ltla,2020-04-26,338,48
E06000014,York,ltla,2020-04-25,311,48
E06000014,York,ltla,2020-04-24,292,47
E06000014,York,ltla,2020-04-23,270,45
E06000014,York,ltla,2020-04-22,248,43
E06000014,York,ltla,2020-04-21,224,40
E06000014,York,ltla,2020-04-20,213,39
E06000014,York,ltla,2020-04-19,198,35
E06000014,York,ltla,2020-04-18,189,34
E06000014,York,ltla,2020-04-17,183,33
E06000014,York,ltla,2020-04-16,169,31
E06000014,York,ltla,2020-04-15,159,30
E06000014,York,ltla,2020-04-14,152,26
E06000014,York,ltla,2020-04-13,145,23
E06000014,York,ltla,2020-04-12,133,21
E06000014,York,ltla,2020-04-11,128,19
E06000014,York,ltla,2020-04-10,125,19
E06000014,York,ltla,2020-04-09,119,18
E06000014,York,ltla,2020-04-08,110,17
E06000014,York,ltla,2020-04-07,100,16
E06000014,York,ltla,2020-04-06,87,15
E06000014,York,ltla,2020-04-05,77,15
E06000014,York,ltla,2020-04-04,73,14
E06000014,York,ltla,2020-04-03,69,10
E06000014,York,ltla,2020-04-02,61,8
E06000014,York,ltla,2020-04-01,50,8
E06000014,York,ltla,2020-03-31,39,5
E06000014,York,ltla,2020-03-30,33,5
E06000014,York,ltla,2020-03-29,29,5
E06000014,York,ltla,2020-03-28,29,3
E06000014,York,ltla,2020-03-27,23,3
E06000014,York,ltla,2020-03-26,18,2
E06000014,York,ltla,2020-03-25,17,2
E06000014,York,ltla,2020-03-24,16,1
E06000014,York,ltla,2020-03-23,14,1
E06000014,York,ltla,2020-03-22,13,1
E06000014,York,ltla,2020-03-21,13,1
E06000014,York,ltla,2020-03-20,12,1
E06000014,York,ltla,2020-03-19,11,1
E06000014,York,ltla,2020-03-18,9,1
E06000014,York,ltla,2020-03-17,7,1
E06000014,York,ltla,2020-03-16,5,1
E06000014,York,ltla,2020-03-15,5,1
E06000014,York,ltla,2020-03-14,5,
E06000014,York,ltla,2020-03-13,4,
E06000014,York,ltla,2020-03-12,3,
E06000014,York,ltla,2020-03-11,3,
E06000014,York,ltla,2020-03-10,3,
E06000014,York,ltla,2020-03-09,2,
E06000014,York,ltla,2020-03-08,2,
E06000014,York,ltla,2020-03-07,2,
E06000014,York,ltla,2020-03-06,2,
E06000014,York,ltla,2020-03-05,2,
E06000014,York,ltla,2020-03-04,2,
E06000014,York,ltla,2020-03-03,2,
E06000014,York,ltla,2020-03-02,2,
E06000014,York,ltla,2020-03-01,1,
E06000014,York,ltla,2020-02-29,1,
E06000014,York,ltla,2020-02-28,1,
E06000014,York,ltla,2020-02-27,1,
E06000014,York,ltla,2020-02-26,1,
E06000014,York,ltla,2020-02-25,1,
E06000014,York,ltla,2020-02-24,1,
E06000014,York,ltla,2020-02-23,1,
E06000014,York,ltla,2020-02-22,1,
E06000014,York,ltla,2020-02-21,1,
E06000014,York,ltla,2020-02-20,1,
E06000014,York,ltla,2020-02-19,1,
E06000014,York,ltla,2020-02-18,1,
E06000014,York,ltla,2020-02-17,1,
E06000014,York,ltla,2020-02-16,1,
E06000014,York,ltla,2020-02-15,1,
E06000014,York,ltla,2020-02-14,1,
E06000014,York,ltla,2020-02-13,1,
E06000014,York,ltla,2020-02-12,1,
E06000014,York,ltla,2020-02-11,1,
E06000014,York,ltla,2020-02-10,1,
E06000014,York,ltla,2020-02-09,1,
E06000014,York,ltla,2020-02-08,1,
E06000014,York,ltla,2020-02-07,1,
E06000014,York,ltla,2020-02-06,1,
E06000014,York,ltla,2020-02-05,1,
E06000014,York,ltla,2020-02-04,1,
E06000014,York,ltla,2020-02-03,1,
E06000014,York,ltla,2020-02-02,1,
E06000014,York,ltla,2020-02-01,1,
E06000014,York,ltla,2020-01-31,1,
E06000014,York,ltla,2020-01-30,1,
